{"cameraMode":{"drawMode":0,"name":"Shaded","section":"Shading Mode"},"sceneLighting":true,"audioPlay":false,"sceneViewState":{"showFog":true,"showMaterialUpdate":true,"showSkybox":true,"showFlares":true,"showImageEffects":true,"showParticleSystems":true},"in2DMode":false,"pivot":{"x":6.689493656158447,"y":5.417605400085449,"z":1.2024589776992798},"rotation":{"x":-0.4308086633682251,"y":0.02156742848455906,"z":-0.010420067235827446,"w":-0.9021893739700317},"size":4.0416579246521,"orthographic":false}