{"cameraMode":{"drawMode":0,"name":"Shaded","section":"Shading Mode"},"sceneLighting":true,"audioPlay":false,"sceneViewState":{"showFog":true,"showMaterialUpdate":true,"showSkybox":true,"showFlares":true,"showImageEffects":true,"showParticleSystems":true},"in2DMode":false,"pivot":{"x":3.3608784675598146,"y":3.817924737930298,"z":-0.8277255296707153},"rotation":{"x":-0.40767616033554079,"y":-0.07805092632770539,"z":0.03477805480360985,"w":-0.9091910719871521},"size":3.7416579723358156,"orthographic":false}