{"cameraMode":{"drawMode":0,"name":"Shaded","section":"Shading Mode"},"sceneLighting":true,"audioPlay":false,"sceneViewState":{"showFog":true,"showMaterialUpdate":true,"showSkybox":true,"showFlares":true,"showImageEffects":true,"showParticleSystems":true},"in2DMode":false,"pivot":{"x":0.6701464653015137,"y":3.076594352722168,"z":5.113906383514404},"rotation":{"x":-0.16442029178142548,"y":-0.7128151655197144,"z":0.17768697440624238,"w":-0.658345103263855},"size":4.0416579246521,"orthographic":false}