{"cameraMode":{"drawMode":0,"name":"Shaded","section":"Shading Mode"},"sceneLighting":false,"audioPlay":false,"sceneViewState":{"showFog":true,"showMaterialUpdate":true,"showSkybox":false,"showFlares":true,"showImageEffects":true,"showParticleSystems":true},"in2DMode":false,"pivot":{"x":5.917604923248291,"y":8.277347564697266,"z":4.813788414001465},"rotation":{"x":0.5534122586250305,"y":0.011264054104685784,"z":-0.007445584516972303,"w":0.8328263759613037},"size":22.0,"orthographic":false}