{"cameraMode":{"drawMode":0,"name":"Shaded","section":"Shading Mode"},"sceneLighting":true,"audioPlay":false,"sceneViewState":{"showFog":true,"showMaterialUpdate":true,"showSkybox":true,"showFlares":true,"showImageEffects":true,"showParticleSystems":true},"in2DMode":false,"pivot":{"x":5.305868625640869,"y":10.345075607299805,"z":6.09519100189209},"rotation":{"x":-0.5480033159255981,"y":-0.12938512861728669,"z":0.08611166477203369,"w":-0.8219752907752991},"size":2.481151580810547,"orthographic":false}