{"cameraMode":{"drawMode":0,"name":"Shaded","section":"Shading Mode"},"sceneLighting":true,"audioPlay":false,"sceneViewState":{"showFog":true,"showMaterialUpdate":true,"showSkybox":true,"showFlares":true,"showImageEffects":true,"showParticleSystems":true},"in2DMode":false,"pivot":{"x":0.4367768168449402,"y":0.5828055739402771,"z":1.2002538442611695},"rotation":{"x":0.6255337595939636,"y":0.032770369201898578,"z":-0.02625814639031887,"w":0.7791011929512024},"size":7.000843048095703,"orthographic":false}