{"cameraMode":{"drawMode":0,"name":"Shaded","section":"Shading Mode"},"sceneLighting":false,"audioPlay":false,"sceneViewState":{"showFog":true,"showMaterialUpdate":true,"showSkybox":false,"showFlares":true,"showImageEffects":true,"showParticleSystems":true},"in2DMode":false,"pivot":{"x":86.57921600341797,"y":25.534343719482423,"z":28.729389190673829},"rotation":{"x":0.03918047994375229,"y":0.6679664254188538,"z":-0.03491603955626488,"w":0.7424272894859314},"size":117.35353088378906,"orthographic":false}